seed,tag,scoring,task,acc,mean_k
42,fixed1,ll,boolq,71.162,
42,fixed1,ll,piqa,83.678,
42,fixed1,ll,social_iqa,77.226,
42,fixed1,ll,hellaswag,90.121,
42,fixed1,ll,winogrande,82.636,
42,fixed1,ll,arc_easy,90.572,
42,fixed1,ll,arc_challenge,78.413,
42,fixed1,ll,openbookqa,84.2,
42,fixed1,ll,AVERAGE,82.251,
42,fixed2,ll,boolq,74.404,
42,fixed2,ll,piqa,87.813,
42,fixed2,ll,social_iqa,80.911,
42,fixed2,ll,hellaswag,93.776,
42,fixed2,ll,winogrande,86.425,
42,fixed2,ll,arc_easy,93.729,
42,fixed2,ll,arc_challenge,84.386,
42,fixed2,ll,openbookqa,90.0,
42,fixed2,ll,AVERAGE,86.43,
42,fixed3,ll,boolq,74.434,
42,fixed3,ll,piqa,89.336,
42,fixed3,ll,social_iqa,81.064,
42,fixed3,ll,hellaswag,94.712,
42,fixed3,ll,winogrande,86.819,
42,fixed3,ll,arc_easy,94.402,
42,fixed3,ll,arc_challenge,86.092,
42,fixed3,ll,openbookqa,91.6,
42,fixed3,ll,AVERAGE,87.308,
42,fixed4,ll,boolq,74.862,4.0
42,fixed4,ll,piqa,89.608,4.0
42,fixed4,ll,social_iqa,80.655,4.0
42,fixed4,ll,hellaswag,95.13,4.0
42,fixed4,ll,winogrande,87.214,4.0
42,fixed4,ll,arc_easy,94.865,4.0
42,fixed4,ll,arc_challenge,87.031,4.0
42,fixed4,ll,openbookqa,91.0,4.0
42,fixed4,ll,AVERAGE,87.546,
42,fixed4,gen,boolq,75.199,
42,fixed4,gen,piqa,89.499,
42,fixed4,gen,social_iqa,80.809,
42,fixed4,gen,hellaswag,95.12,
42,fixed4,gen,winogrande,87.372,
42,fixed4,gen,arc_easy,94.992,
42,fixed4,gen,arc_challenge,86.604,
42,fixed4,gen,openbookqa,90.8,
42,fixed4,gen,AVERAGE,87.549,
42,fixed6,ll,boolq,75.474,
42,fixed6,ll,piqa,89.826,
42,fixed6,ll,social_iqa,81.525,
42,fixed6,ll,hellaswag,95.31,
42,fixed6,ll,winogrande,87.214,
42,fixed6,ll,arc_easy,95.202,
42,fixed6,ll,arc_challenge,87.457,
42,fixed6,ll,openbookqa,91.4,
42,fixed6,ll,AVERAGE,87.926,
42,fixed8,ll,boolq,74.801,
42,fixed8,ll,piqa,89.663,
42,fixed8,ll,social_iqa,81.781,
42,fixed8,ll,hellaswag,95.429,
42,fixed8,ll,winogrande,87.687,
42,fixed8,ll,arc_easy,95.412,
42,fixed8,ll,arc_challenge,87.457,
42,fixed8,ll,openbookqa,92.2,
42,fixed8,ll,AVERAGE,88.054,
43,fixed1,ll,boolq,70.489,
43,fixed1,ll,piqa,83.732,
43,fixed1,ll,social_iqa,77.175,
43,fixed1,ll,hellaswag,88.787,
43,fixed1,ll,winogrande,82.084,
43,fixed1,ll,arc_easy,90.53,
43,fixed1,ll,arc_challenge,81.997,
43,fixed1,ll,openbookqa,83.0,
43,fixed1,ll,AVERAGE,82.224,
43,fixed2,ll,boolq,72.263,
43,fixed2,ll,piqa,87.106,
43,fixed2,ll,social_iqa,80.194,
43,fixed2,ll,hellaswag,93.975,
43,fixed2,ll,winogrande,87.056,
43,fixed2,ll,arc_easy,94.529,
43,fixed2,ll,arc_challenge,84.898,
43,fixed2,ll,openbookqa,88.4,
43,fixed2,ll,AVERAGE,86.053,
43,fixed3,ll,boolq,73.456,
43,fixed3,ll,piqa,88.139,
43,fixed3,ll,social_iqa,80.194,
43,fixed3,ll,hellaswag,94.623,
43,fixed3,ll,winogrande,88.082,
43,fixed3,ll,arc_easy,94.655,
43,fixed3,ll,arc_challenge,85.922,
43,fixed3,ll,openbookqa,90.8,
43,fixed3,ll,AVERAGE,86.984,
43,fixed4,ll,boolq,73.976,4.0
43,fixed4,ll,piqa,88.303,4.0
43,fixed4,ll,social_iqa,81.372,4.0
43,fixed4,ll,hellaswag,94.901,4.0
43,fixed4,ll,winogrande,88.319,4.0
43,fixed4,ll,arc_easy,95.076,4.0
43,fixed4,ll,arc_challenge,86.263,4.0
43,fixed4,ll,openbookqa,91.2,4.0
43,fixed4,ll,AVERAGE,87.426,
43,fixed4,gen,boolq,73.853,
43,fixed4,gen,piqa,88.303,
43,fixed4,gen,social_iqa,81.269,
43,fixed4,gen,hellaswag,94.981,
43,fixed4,gen,winogrande,88.24,
43,fixed4,gen,arc_easy,94.992,
43,fixed4,gen,arc_challenge,86.433,
43,fixed4,gen,openbookqa,91.6,
43,fixed4,gen,AVERAGE,87.459,
43,fixed6,ll,boolq,74.343,
43,fixed6,ll,piqa,88.466,
43,fixed6,ll,social_iqa,81.423,
43,fixed6,ll,hellaswag,95.17,
43,fixed6,ll,winogrande,88.082,
43,fixed6,ll,arc_easy,95.286,
43,fixed6,ll,arc_challenge,87.116,
43,fixed6,ll,openbookqa,92.2,
43,fixed6,ll,AVERAGE,87.761,
43,fixed8,ll,boolq,74.22,
43,fixed8,ll,piqa,88.847,
43,fixed8,ll,social_iqa,81.474,
43,fixed8,ll,hellaswag,95.29,
43,fixed8,ll,winogrande,87.924,
43,fixed8,ll,arc_easy,95.412,
43,fixed8,ll,arc_challenge,87.372,
43,fixed8,ll,openbookqa,92.0,
43,fixed8,ll,AVERAGE,87.817,
44,fixed1,ll,boolq,62.171,
44,fixed1,ll,piqa,84.875,
44,fixed1,ll,social_iqa,76.1,
44,fixed1,ll,hellaswag,89.544,
44,fixed1,ll,winogrande,82.399,
44,fixed1,ll,arc_easy,89.857,
44,fixed1,ll,arc_challenge,80.973,
44,fixed1,ll,openbookqa,82.4,
44,fixed1,ll,AVERAGE,81.04,
44,fixed2,ll,boolq,62.171,
44,fixed2,ll,piqa,87.976,
44,fixed2,ll,social_iqa,80.092,
44,fixed2,ll,hellaswag,93.926,
44,fixed2,ll,winogrande,86.267,
44,fixed2,ll,arc_easy,93.729,
44,fixed2,ll,arc_challenge,85.154,
44,fixed2,ll,openbookqa,88.0,
44,fixed2,ll,AVERAGE,84.664,
44,fixed3,ll,boolq,62.171,
44,fixed3,ll,piqa,88.248,
44,fixed3,ll,social_iqa,80.604,
44,fixed3,ll,hellaswag,94.643,
44,fixed3,ll,winogrande,87.214,
44,fixed3,ll,arc_easy,94.15,
44,fixed3,ll,arc_challenge,85.836,
44,fixed3,ll,openbookqa,89.2,
44,fixed3,ll,AVERAGE,85.258,
44,fixed4,ll,boolq,62.171,4.0
44,fixed4,ll,piqa,89.119,4.0
44,fixed4,ll,social_iqa,80.757,4.0
44,fixed4,ll,hellaswag,95.091,4.0
44,fixed4,ll,winogrande,87.056,4.0
44,fixed4,ll,arc_easy,94.571,4.0
44,fixed4,ll,arc_challenge,86.348,4.0
44,fixed4,ll,openbookqa,89.4,4.0
44,fixed4,ll,AVERAGE,85.564,
44,fixed4,gen,boolq,62.171,
44,fixed4,gen,piqa,89.119,
44,fixed4,gen,social_iqa,80.86,
44,fixed4,gen,hellaswag,95.051,
44,fixed4,gen,winogrande,87.056,
44,fixed4,gen,arc_easy,94.529,
44,fixed4,gen,arc_challenge,86.348,
44,fixed4,gen,openbookqa,89.2,
44,fixed4,gen,AVERAGE,85.542,
44,fixed6,ll,boolq,62.171,
44,fixed6,ll,piqa,89.499,
44,fixed6,ll,social_iqa,81.627,
44,fixed6,ll,hellaswag,95.399,
44,fixed6,ll,winogrande,87.293,
44,fixed6,ll,arc_easy,94.907,
44,fixed6,ll,arc_challenge,86.519,
44,fixed6,ll,openbookqa,89.8,
44,fixed6,ll,AVERAGE,85.902,
44,fixed8,ll,boolq,62.171,
44,fixed8,ll,piqa,89.88,
44,fixed8,ll,social_iqa,81.576,
44,fixed8,ll,hellaswag,95.519,
44,fixed8,ll,winogrande,87.766,
44,fixed8,ll,arc_easy,95.16,
44,fixed8,ll,arc_challenge,86.86,
44,fixed8,ll,openbookqa,89.4,
44,fixed8,ll,AVERAGE,86.042,
45,fixed1,ll,boolq,71.376,
45,fixed1,ll,piqa,82.916,
45,fixed1,ll,social_iqa,76.459,
45,fixed1,ll,hellaswag,88.757,
45,fixed1,ll,winogrande,73.717,
45,fixed1,ll,arc_easy,90.152,
45,fixed1,ll,arc_challenge,80.631,
45,fixed1,ll,openbookqa,80.6,
45,fixed1,ll,AVERAGE,80.576,
45,fixed2,ll,boolq,74.22,
45,fixed2,ll,piqa,86.997,
45,fixed2,ll,social_iqa,79.836,
45,fixed2,ll,hellaswag,94.005,
45,fixed2,ll,winogrande,85.714,
45,fixed2,ll,arc_easy,93.771,
45,fixed2,ll,arc_challenge,86.177,
45,fixed2,ll,openbookqa,88.0,
45,fixed2,ll,AVERAGE,86.09,
45,fixed3,ll,boolq,74.709,
45,fixed3,ll,piqa,87.758,
45,fixed3,ll,social_iqa,80.553,
45,fixed3,ll,hellaswag,94.662,
45,fixed3,ll,winogrande,86.425,
45,fixed3,ll,arc_easy,94.402,
45,fixed3,ll,arc_challenge,86.775,
45,fixed3,ll,openbookqa,89.2,
45,fixed3,ll,AVERAGE,86.811,
45,fixed4,ll,boolq,75.138,4.0
45,fixed4,ll,piqa,87.922,4.0
45,fixed4,ll,social_iqa,80.911,4.0
45,fixed4,ll,hellaswag,95.12,4.0
45,fixed4,ll,winogrande,86.74,4.0
45,fixed4,ll,arc_easy,95.034,4.0
45,fixed4,ll,arc_challenge,87.287,4.0
45,fixed4,ll,openbookqa,89.6,4.0
45,fixed4,ll,AVERAGE,87.219,
45,fixed4,gen,boolq,75.291,
45,fixed4,gen,piqa,88.303,
45,fixed4,gen,social_iqa,81.116,
45,fixed4,gen,hellaswag,95.16,
45,fixed4,gen,winogrande,87.056,
45,fixed4,gen,arc_easy,95.076,
45,fixed4,gen,arc_challenge,87.372,
45,fixed4,gen,openbookqa,89.8,
45,fixed4,gen,AVERAGE,87.397,
45,fixed6,ll,boolq,75.505,
45,fixed6,ll,piqa,88.303,
45,fixed6,ll,social_iqa,81.32,
45,fixed6,ll,hellaswag,95.439,
45,fixed6,ll,winogrande,85.399,
45,fixed6,ll,arc_easy,94.949,
45,fixed6,ll,arc_challenge,88.055,
45,fixed6,ll,openbookqa,89.6,
45,fixed6,ll,AVERAGE,87.321,
45,fixed8,ll,boolq,75.657,
45,fixed8,ll,piqa,88.194,
45,fixed8,ll,social_iqa,82.139,
45,fixed8,ll,hellaswag,95.618,
45,fixed8,ll,winogrande,80.268,
45,fixed8,ll,arc_easy,95.328,
45,fixed8,ll,arc_challenge,88.567,
45,fixed8,ll,openbookqa,89.8,
45,fixed8,ll,AVERAGE,86.946,
46,fixed4,ll,boolq,73.761,4.0
46,fixed4,ll,piqa,88.411,4.0
46,fixed4,ll,social_iqa,80.297,4.0
46,fixed4,ll,hellaswag,94.583,4.0
46,fixed4,ll,winogrande,87.53,4.0
46,fixed4,ll,arc_easy,95.581,4.0
46,fixed4,ll,arc_challenge,87.287,4.0
46,fixed4,ll,openbookqa,89.4,4.0
46,fixed4,ll,AVERAGE,87.106,
46,fixed4,gen,boolq,73.914,
46,fixed4,gen,piqa,88.194,
46,fixed4,gen,social_iqa,80.502,
46,fixed4,gen,hellaswag,94.533,
46,fixed4,gen,winogrande,87.845,
46,fixed4,gen,arc_easy,95.665,
46,fixed4,gen,arc_challenge,87.201,
46,fixed4,gen,openbookqa,89.4,
46,fixed4,gen,AVERAGE,87.157,
